repo_name,pr_title,pr_url,created_at,closed_at,total_comments,total_commits,state
vscode-dvc,Rough table,https://github.com/iterative/vscode-dvc/pull/5,2020-10-30T18:25:28Z,2020-11-13T23:59:10Z,5,28,MERGED
vscode-dvc,Add editor & explorer context for Run Experiment,https://github.com/iterative/vscode-dvc/pull/33,2020-12-18T22:03:36Z,2020-12-19T02:11:22Z,2,1,MERGED
vscode-dvc,Add Resources section,https://github.com/iterative/vscode-dvc/pull/68,2021-01-10T14:40:57Z,2021-01-10T19:26:33Z,3,1,CLOSED
vscode-dvc,"Add DVC Path configuration, selection, & display",https://github.com/iterative/vscode-dvc/pull/55,2021-01-03T04:57:47Z,2021-01-03T18:44:39Z,14,10,MERGED
vscode-dvc,Explorer context menu commands,https://github.com/iterative/vscode-dvc/pull/121,2021-02-28T22:20:36Z,2021-03-01T07:38:55Z,5,5,MERGED
vscode-dvc,Overhaul Sort Indicator,https://github.com/iterative/vscode-dvc/pull/114,2021-02-26T16:44:01Z,2021-03-11T20:54:46Z,32,31,MERGED
vscode-dvc,Manage columns dropdown improvements,https://github.com/iterative/vscode-dvc/pull/213,2021-03-26T15:53:50Z,2021-03-30T21:18:10Z,20,23,CLOSED
vscode-dvc,Spike decoration provider,https://github.com/iterative/vscode-dvc/pull/206,2021-03-25T01:08:38Z,2021-03-25T18:21:54Z,4,16,MERGED
vscode-dvc,Improve show webview,https://github.com/iterative/vscode-dvc/pull/157,2021-03-15T05:24:35Z,2021-03-16T01:04:52Z,8,8,MERGED
vscode-dvc,Explorer tree view,https://github.com/iterative/vscode-dvc/pull/151,2021-03-13T01:29:17Z,2021-03-17T21:53:00Z,1,14,CLOSED
vscode-dvc,Change Tree View menu into scm/title menu,https://github.com/iterative/vscode-dvc/pull/150,2021-03-12T02:44:28Z,2021-03-12T03:13:16Z,1,2,MERGED
vscode-dvc,"2/3 - Get only ""changed outs"" from status",https://github.com/iterative/vscode-dvc/pull/347,2021-04-29T01:49:39Z,2021-04-29T19:20:08Z,3,7,MERGED
vscode-dvc,Add `runExperiment` with Icon to `editor/title`,https://github.com/iterative/vscode-dvc/pull/343,2021-04-28T16:38:09Z,2021-05-04T21:11:48Z,5,19,MERGED
vscode-dvc,Update package.json version in CI,https://github.com/iterative/vscode-dvc/pull/335,2021-04-27T16:36:45Z,2021-04-27T21:21:18Z,1,10,MERGED
vscode-dvc,1/2 - Add Remote Only category to Repository SCM view,https://github.com/iterative/vscode-dvc/pull/308,2021-04-22T00:25:59Z,2021-04-22T16:56:05Z,1,23,MERGED
vscode-dvc,Create explorer tree view,https://github.com/iterative/vscode-dvc/pull/302,2021-04-21T03:12:52Z,2021-04-21T23:40:55Z,1,8,CLOSED
vscode-dvc,Experiment Commands #3: Add command for `exp gc` with selectable flags,https://github.com/iterative/vscode-dvc/pull/269,2021-04-13T20:42:39Z,2021-04-14T16:28:21Z,8,7,MERGED
vscode-dvc,Add modified from Status class to SCM view,https://github.com/iterative/vscode-dvc/pull/249,2021-04-08T23:20:33Z,2021-04-09T18:40:12Z,1,10,MERGED
vscode-dvc,Add output channel,https://github.com/iterative/vscode-dvc/pull/480,2021-05-26T04:31:05Z,2021-05-27T00:02:41Z,3,10,MERGED
vscode-dvc,Fix non-number formatting in experiments table,https://github.com/iterative/vscode-dvc/pull/457,2021-05-20T18:53:53Z,2021-05-20T20:47:29Z,1,4,MERGED
vscode-dvc,README: add tests coverage badge,https://github.com/iterative/vscode-dvc/pull/441,2021-05-19T02:49:55Z,2021-05-19T03:07:08Z,1,1,MERGED
vscode-dvc,Use nyc for combined coverage,https://github.com/iterative/vscode-dvc/pull/428,2021-05-15T05:14:54Z,2021-05-18T18:45:39Z,4,77,MERGED
vscode-dvc,4/4 - Add welcome view for no project,https://github.com/iterative/vscode-dvc/pull/408,2021-05-11T05:33:03Z,2021-05-11T15:13:51Z,6,12,MERGED
vscode-dvc,Add placeholder tracked explorer tree welcome view,https://github.com/iterative/vscode-dvc/pull/400,2021-05-10T04:36:02Z,2021-05-10T18:25:14Z,1,4,MERGED
vscode-dvc,2/2 - Organise fileSystem related files inside of new folder,https://github.com/iterative/vscode-dvc/pull/399,2021-05-10T02:16:24Z,2021-05-10T18:20:07Z,0,4,MERGED
vscode-dvc,add exitOnceUploaded to Chromatic call,https://github.com/iterative/vscode-dvc/pull/367,2021-05-01T10:16:14Z,2021-05-03T15:04:12Z,0,2,MERGED
vscode-dvc,Remove resource scope from contributed config properties,https://github.com/iterative/vscode-dvc/pull/571,2021-06-18T09:34:29Z,2021-06-18T14:51:07Z,1,2,MERGED
vscode-dvc,Change columns outputs to params and metrics-specific columns,https://github.com/iterative/vscode-dvc/pull/552,2021-06-14T20:17:15Z,2021-06-16T22:47:33Z,8,44,MERGED
vscode-dvc,Move global controls out of the webview content area,https://github.com/iterative/vscode-dvc/pull/546,2021-06-09T21:58:09Z,2021-06-10T00:19:42Z,2,3,MERGED
vscode-dvc,Stop duplication of repositories on config change,https://github.com/iterative/vscode-dvc/pull/544,2021-06-09T04:33:27Z,2021-06-09T16:54:32Z,1,1,MERGED
vscode-dvc,Improve output channel logging,https://github.com/iterative/vscode-dvc/pull/542,2021-06-09T00:42:40Z,2021-06-09T01:59:03Z,5,5,MERGED
vscode-dvc,Update extension logo to the latest DVC icon,https://github.com/iterative/vscode-dvc/pull/532,2021-06-06T16:45:17Z,2021-06-06T20:48:41Z,1,1,MERGED
vscode-dvc,Group files around concepts,https://github.com/iterative/vscode-dvc/pull/694,2021-07-28T05:04:47Z,2021-07-28T18:45:40Z,4,21,MERGED
vscode-dvc,Rename experiments columns tree view,https://github.com/iterative/vscode-dvc/pull/682,2021-07-26T05:05:38Z,2021-07-26T23:30:22Z,3,6,MERGED
vscode-dvc,Group of experiment data processing into model folder,https://github.com/iterative/vscode-dvc/pull/679,2021-07-26T01:46:04Z,2021-07-26T17:34:35Z,1,5,MERGED
vscode-dvc,Filter by view - skip nesting for single repository,https://github.com/iterative/vscode-dvc/pull/677,2021-07-26T00:19:21Z,2021-07-26T16:24:07Z,1,2,MERGED
vscode-dvc,Columns view - skip nesting for single repository,https://github.com/iterative/vscode-dvc/pull/676,2021-07-25T23:51:23Z,2021-07-26T17:03:04Z,1,3,MERGED
vscode-dvc,Runs view - skip nesting for single repository,https://github.com/iterative/vscode-dvc/pull/674,2021-07-25T23:27:21Z,2021-07-26T17:20:36Z,1,5,MERGED
vscode-dvc,Add all experiments to runs view,https://github.com/iterative/vscode-dvc/pull/673,2021-07-23T05:04:34Z,2021-07-23T20:48:30Z,2,6,MERGED
vscode-dvc,Rework bullet CSS with Spinners,https://github.com/iterative/vscode-dvc/pull/648,2021-07-15T04:28:41Z,2021-07-16T05:44:56Z,2,6,MERGED
vscode-dvc,Add placeholder experiments filter by tree view,https://github.com/iterative/vscode-dvc/pull/633,2021-07-11T23:51:27Z,2021-07-12T19:38:07Z,3,18,MERGED
vscode-dvc,Add placeholder experiments sort by tree view,https://github.com/iterative/vscode-dvc/pull/631,2021-07-09T05:42:19Z,2021-07-12T19:19:51Z,5,13,MERGED
vscode-dvc,Remove column header context menus and bring back nesting,https://github.com/iterative/vscode-dvc/pull/624,2021-07-07T08:56:31Z,2021-07-08T00:42:12Z,5,3,MERGED
vscode-dvc,Fix assignment of command name (missing percentage sign),https://github.com/iterative/vscode-dvc/pull/764,2021-08-31T02:27:41Z,2021-08-31T03:05:23Z,1,1,MERGED
vscode-dvc,Do not attempt to set config values to undefined,https://github.com/iterative/vscode-dvc/pull/750,2021-08-27T02:26:22Z,2021-08-27T23:35:58Z,6,5,CLOSED
vscode-dvc,Reorder new quick pick description and label,https://github.com/iterative/vscode-dvc/pull/747,2021-08-26T22:10:46Z,2021-08-27T02:14:01Z,1,1,MERGED
vscode-dvc,Add setup wizard to welcome tree view,https://github.com/iterative/vscode-dvc/pull/709,2021-08-11T00:13:24Z,2021-08-11T18:29:51Z,14,18,MERGED
vscode-dvc,Sidebar experiments panel PoC,https://github.com/iterative/vscode-dvc/pull/706,2021-08-08T22:27:05Z,2021-08-11T18:43:31Z,12,6,CLOSED
vscode-dvc,Realtime status change,https://github.com/iterative/vscode-dvc/pull/857,2021-09-29T16:29:31Z,2021-10-01T00:28:19Z,13,12,MERGED
vscode-dvc,Add setup workspace command to status bar,https://github.com/iterative/vscode-dvc/pull/849,2021-09-28T03:30:50Z,2021-09-28T19:27:18Z,2,3,MERGED
vscode-dvc,Update color of  Not In Cache status,https://github.com/iterative/vscode-dvc/pull/843,2021-09-24T00:07:13Z,2021-09-24T19:18:45Z,1,3,MERGED
vscode-dvc,Cater for multiple dvc roots in tracked explorer tree,https://github.com/iterative/vscode-dvc/pull/842,2021-09-23T04:26:57Z,2021-09-23T21:33:58Z,3,5,MERGED
vscode-dvc,Remove delete command from tracked virtual files,https://github.com/iterative/vscode-dvc/pull/840,2021-09-23T03:00:10Z,2021-09-23T19:11:09Z,1,2,MERGED
vscode-dvc,Add sorts to storybook test data,https://github.com/iterative/vscode-dvc/pull/831,2021-09-21T02:35:58Z,2021-09-21T02:52:32Z,2,1,MERGED
vscode-dvc,Experiments table style for all theme,https://github.com/iterative/vscode-dvc/pull/829,2021-09-20T20:41:16Z,2021-09-21T16:42:26Z,4,4,MERGED
vscode-dvc,Experiments table UI changes,https://github.com/iterative/vscode-dvc/pull/826,2021-09-17T19:44:56Z,2021-09-20T20:09:22Z,3,4,MERGED
vscode-dvc,Experiments table UI changes,https://github.com/iterative/vscode-dvc/pull/825,2021-09-17T13:30:32Z,2021-09-17T19:48:08Z,4,20,CLOSED
vscode-dvc,Add file comparison commands,https://github.com/iterative/vscode-dvc/pull/820,2021-09-17T00:20:06Z,2021-09-20T20:33:23Z,1,4,MERGED
vscode-dvc,Fix the headers when there is column nesting and different levels,https://github.com/iterative/vscode-dvc/pull/810,2021-09-14T17:06:35Z,2021-09-14T21:49:45Z,3,6,MERGED
vscode-dvc,Add cross platform tests badge,https://github.com/iterative/vscode-dvc/pull/802,2021-09-10T01:47:29Z,2021-09-10T01:59:01Z,1,1,MERGED
vscode-dvc,Update Github actions,https://github.com/iterative/vscode-dvc/pull/793,2021-09-08T06:46:47Z,2021-09-08T17:03:52Z,1,4,MERGED
vscode-dvc,Fix paramsAndMetrics tree labels,https://github.com/iterative/vscode-dvc/pull/790,2021-09-08T02:43:54Z,2021-09-08T06:46:24Z,2,55,MERGED
vscode-dvc,Add tree view opened analytics events,https://github.com/iterative/vscode-dvc/pull/776,2021-09-03T07:10:55Z,2021-09-06T19:12:28Z,7,7,MERGED
vscode-dvc,Add custom eslint rule - no accessors,https://github.com/iterative/vscode-dvc/pull/943,2021-10-22T05:34:24Z,2021-10-22T18:37:07Z,2,2,MERGED
vscode-dvc,Move renamed resources into ready for git commit resoure group,https://github.com/iterative/vscode-dvc/pull/927,2021-10-19T03:00:12Z,2021-10-19T21:12:59Z,2,2,MERGED
vscode-dvc,Move added resources into ready for git commit resoure group,https://github.com/iterative/vscode-dvc/pull/926,2021-10-19T02:41:08Z,2021-10-19T19:28:26Z,2,8,MERGED
vscode-dvc,Add status for default remote to cli reader,https://github.com/iterative/vscode-dvc/pull/919,2021-10-18T00:22:02Z,2021-10-18T01:16:57Z,3,1,CLOSED
vscode-dvc,Column reordering central state,https://github.com/iterative/vscode-dvc/pull/916,2021-10-15T17:18:22Z,2021-10-20T17:48:45Z,2,4,CLOSED
vscode-dvc,Update empty state text on experiments tree view,https://github.com/iterative/vscode-dvc/pull/913,2021-10-14T21:32:53Z,2021-10-14T23:34:53Z,2,1,MERGED
vscode-dvc,Add commands to git modified SCM resource group,https://github.com/iterative/vscode-dvc/pull/888,2021-10-08T04:12:13Z,2021-10-08T18:51:15Z,4,7,MERGED
vscode-dvc,Upgrade VS Code dependencies,https://github.com/iterative/vscode-dvc/pull/886,2021-10-07T23:37:52Z,2021-10-08T03:31:03Z,2,1,MERGED
vscode-dvc,Reduce locked repo retries output channel noise,https://github.com/iterative/vscode-dvc/pull/879,2021-10-06T04:31:22Z,2021-10-07T23:51:04Z,6,4,CLOSED
vscode-dvc,Use svgr for clock icon in experiments table,https://github.com/iterative/vscode-dvc/pull/1102,2021-11-29T22:36:33Z,2021-11-29T23:00:18Z,5,1,MERGED
vscode-dvc,Give webviews ability to show images,https://github.com/iterative/vscode-dvc/pull/1095,2021-11-26T03:18:10Z,2021-11-29T18:22:48Z,3,2,MERGED
vscode-dvc,Update queued experiment icons,https://github.com/iterative/vscode-dvc/pull/1078,2021-11-22T06:04:55Z,2021-11-22T18:07:12Z,1,4,MERGED
vscode-dvc,Add auto apply filters to experiments selection (mode),https://github.com/iterative/vscode-dvc/pull/1076,2021-11-22T00:06:46Z,2021-11-22T19:08:04Z,4,5,MERGED
vscode-dvc,Hide all commands when project or cli is unavailable,https://github.com/iterative/vscode-dvc/pull/1075,2021-11-21T23:03:59Z,2021-11-22T18:48:30Z,1,3,MERGED
vscode-dvc,Add copy button,https://github.com/iterative/vscode-dvc/pull/1073,2021-11-20T00:33:49Z,2021-11-25T04:21:31Z,14,28,MERGED
vscode-dvc,Hover menu component,https://github.com/iterative/vscode-dvc/pull/1071,2021-11-19T21:05:03Z,2021-11-21T22:27:39Z,6,4,MERGED
vscode-dvc,Use runInAction to silence test warnings,https://github.com/iterative/vscode-dvc/pull/1053,2021-11-16T23:09:26Z,2021-11-16T23:44:53Z,2,2,MERGED
vscode-dvc,Send experiment display name to plots webview,https://github.com/iterative/vscode-dvc/pull/1046,2021-11-16T05:21:47Z,2021-11-16T19:26:29Z,2,3,MERGED
vscode-dvc,Plots webview section collapsing,https://github.com/iterative/vscode-dvc/pull/1023,2021-11-10T03:31:53Z,2021-11-11T21:22:00Z,5,18,MERGED
vscode-dvc,Add ability to color lines into plots webview,https://github.com/iterative/vscode-dvc/pull/1012,2021-11-08T23:13:49Z,2021-11-09T02:09:05Z,3,3,MERGED
vscode-dvc,Correctly nest integration test,https://github.com/iterative/vscode-dvc/pull/1011,2021-11-08T22:09:20Z,2021-11-08T22:51:31Z,1,2,MERGED
vscode-dvc,Add ability to color bullets into experiments webview,https://github.com/iterative/vscode-dvc/pull/1010,2021-11-08T04:53:50Z,2021-11-08T21:44:01Z,7,3,MERGED
vscode-dvc,Collect live plots data from workspace,https://github.com/iterative/vscode-dvc/pull/994,2021-11-04T01:30:17Z,2021-11-04T15:51:04Z,7,1,CLOSED
vscode-dvc,Update webview icons to match design,https://github.com/iterative/vscode-dvc/pull/981,2021-11-02T06:28:04Z,2021-11-03T21:49:09Z,7,2,MERGED
vscode-dvc,Right align cells,https://github.com/iterative/vscode-dvc/pull/1190,2021-12-22T22:04:27Z,2022-01-09T22:01:20Z,5,12,MERGED
vscode-dvc,"Attach a group to each react-table column and make ""epochs"" non-special",https://github.com/iterative/vscode-dvc/pull/1188,2021-12-22T20:19:04Z,2021-12-23T15:19:04Z,1,3,MERGED
vscode-dvc,Comparison table header,https://github.com/iterative/vscode-dvc/pull/1186,2021-12-22T15:10:26Z,2021-12-23T20:02:30Z,3,10,MERGED
vscode-dvc,Use codicons for plots webview details chevron,https://github.com/iterative/vscode-dvc/pull/1180,2021-12-20T23:58:28Z,2021-12-21T03:45:19Z,2,3,MERGED
vscode-dvc,Move metrics before params in tree,https://github.com/iterative/vscode-dvc/pull/1167,2021-12-16T03:21:45Z,2021-12-16T22:17:44Z,2,3,MERGED
vscode-dvc,Show metrics before params in table webview,https://github.com/iterative/vscode-dvc/pull/1166,2021-12-16T03:13:52Z,2021-12-16T22:23:38Z,4,2,MERGED
vscode-dvc,Fix experiment table spinner background on alt rows,https://github.com/iterative/vscode-dvc/pull/1165,2021-12-16T02:49:16Z,2021-12-16T15:24:53Z,2,4,MERGED
vscode-dvc,Switch text in inputBox from prompt to title,https://github.com/iterative/vscode-dvc/pull/1162,2021-12-15T21:39:05Z,2021-12-16T00:58:28Z,1,3,MERGED
vscode-dvc,Drop to single data point on live plot tooltip,https://github.com/iterative/vscode-dvc/pull/1158,2021-12-15T00:57:08Z,2021-12-15T01:43:45Z,1,2,MERGED
vscode-dvc,Realign copy button,https://github.com/iterative/vscode-dvc/pull/1155,2021-12-14T04:44:55Z,2021-12-14T20:50:32Z,2,4,MERGED
vscode-dvc,Improve live plots content,https://github.com/iterative/vscode-dvc/pull/1154,2021-12-14T00:13:29Z,2021-12-14T21:04:10Z,9,8,MERGED
vscode-dvc,Cancel previous unfinished workflow run on push of a new commit,https://github.com/iterative/vscode-dvc/pull/1151,2021-12-11T02:59:54Z,2021-12-13T14:41:36Z,2,2,MERGED
vscode-dvc,Limit max amount of headerGroups displayed to 5,https://github.com/iterative/vscode-dvc/pull/1143,2021-12-09T22:05:01Z,2022-01-05T03:48:18Z,5,7,CLOSED
vscode-dvc,Truncate cells whose contents are too wide,https://github.com/iterative/vscode-dvc/pull/1142,2021-12-09T21:42:44Z,2021-12-09T23:25:56Z,3,3,MERGED
vscode-dvc,Fix workspace row edges,https://github.com/iterative/vscode-dvc/pull/1140,2021-12-09T01:46:26Z,2021-12-09T16:44:42Z,2,11,MERGED
vscode-dvc,Add localIdentName to make css module classes easier to identify,https://github.com/iterative/vscode-dvc/pull/1139,2021-12-08T20:36:35Z,2021-12-09T01:42:03Z,1,2,MERGED
vscode-dvc,Give y axis in live plots an adaptive scale,https://github.com/iterative/vscode-dvc/pull/1119,2021-12-02T21:53:18Z,2021-12-02T22:15:49Z,1,1,MERGED
vscode-dvc,Add mechanism to send images to the plots webview,https://github.com/iterative/vscode-dvc/pull/1115,2021-12-01T22:04:47Z,2021-12-03T04:22:39Z,8,11,MERGED
vscode-dvc,Lower the minimum column width and add a slightly larger separate default width,https://github.com/iterative/vscode-dvc/pull/1258,2022-01-27T21:32:51Z,2022-01-28T04:01:20Z,1,4,MERGED
vscode-dvc,Improve the height of plots,https://github.com/iterative/vscode-dvc/pull/1255,2022-01-27T15:25:16Z,2022-01-27T18:58:14Z,1,2,MERGED
vscode-dvc,Fix bug in header nesting fix,https://github.com/iterative/vscode-dvc/pull/1237,2022-01-22T00:14:07Z,2022-01-27T20:04:35Z,4,10,MERGED
vscode-dvc,Expand multiview plots,https://github.com/iterative/vscode-dvc/pull/1235,2022-01-21T17:04:56Z,2022-01-24T19:11:14Z,1,4,MERGED
vscode-dvc,Add branch and workspace colors,https://github.com/iterative/vscode-dvc/pull/1223,2022-01-18T00:19:31Z,2022-01-18T04:06:16Z,6,4,MERGED
vscode-dvc,Order root directory in tracked tree,https://github.com/iterative/vscode-dvc/pull/1211,2022-01-13T09:29:30Z,2022-01-13T18:18:19Z,2,1,MERGED
vscode-dvc,Link modified checkpoint experiments in live plots,https://github.com/iterative/vscode-dvc/pull/1204,2022-01-11T04:42:57Z,2022-01-11T18:36:22Z,2,1,MERGED
vscode-dvc,Link modified checkpoint experiments in tree and table,https://github.com/iterative/vscode-dvc/pull/1200,2022-01-10T03:28:17Z,2022-01-10T18:11:08Z,3,2,MERGED
vscode-dvc,Create concatenated columns to limit table depth,https://github.com/iterative/vscode-dvc/pull/1198,2022-01-08T04:43:50Z,2022-01-26T21:08:18Z,13,19,MERGED
vscode-dvc,Escape the metric/param segment of join/splitMetricOrParamPath,https://github.com/iterative/vscode-dvc/pull/1196,2022-01-06T00:05:57Z,2022-01-06T19:15:59Z,3,3,MERGED
vscode-dvc,Add new (unbroken) experiment,https://github.com/iterative/vscode-dvc/pull/1362,2022-02-28T21:27:15Z,2022-03-01T06:05:36Z,1,1,MERGED
vscode-dvc,Rearrange and rename plots webview sections,https://github.com/iterative/vscode-dvc/pull/1358,2022-02-28T01:30:07Z,2022-02-28T18:45:48Z,2,3,MERGED
vscode-dvc,Patch tracked path decorations,https://github.com/iterative/vscode-dvc/pull/1349,2022-02-24T09:16:35Z,2022-02-25T04:42:15Z,3,7,MERGED
vscode-dvc,Upgrade DVC/DVCLive (breaking changes),https://github.com/iterative/vscode-dvc/pull/1345,2022-02-22T23:19:50Z,2022-02-23T00:49:39Z,1,1,MERGED
vscode-dvc,Limit the number of experiments that can be selected via quickPick,https://github.com/iterative/vscode-dvc/pull/1335,2022-02-18T00:16:53Z,2022-02-18T19:28:42Z,4,5,MERGED
vscode-dvc,Fix hover of last point,https://github.com/iterative/vscode-dvc/pull/1331,2022-02-16T19:42:10Z,2022-02-17T20:39:16Z,2,6,MERGED
vscode-dvc,Improve continuation label logic,https://github.com/iterative/vscode-dvc/pull/1316,2022-02-13T23:31:31Z,2022-02-14T19:47:43Z,1,1,MERGED
vscode-dvc,Make timestamp cell contents truncate,https://github.com/iterative/vscode-dvc/pull/1279,2022-02-02T18:56:57Z,2022-02-02T21:47:38Z,2,3,MERGED
vscode-dvc,Only send size update events when the size is changed,https://github.com/iterative/vscode-dvc/pull/1514,2022-03-31T22:15:47Z,2022-03-31T23:48:49Z,2,1,MERGED
vscode-dvc,Shrink checkpoint plots empty state,https://github.com/iterative/vscode-dvc/pull/1501,2022-03-30T02:23:54Z,2022-03-30T17:36:14Z,2,2,MERGED
vscode-dvc,Extend use of reorder object list,https://github.com/iterative/vscode-dvc/pull/1489,2022-03-28T03:59:16Z,2022-03-28T19:04:25Z,1,1,MERGED
vscode-dvc,Storybook viewports,https://github.com/iterative/vscode-dvc/pull/1487,2022-03-25T15:37:18Z,2022-03-26T03:16:02Z,1,6,MERGED
vscode-dvc,Migrate from vscode-extension-telemetry to @vscode/extension-telemetry,https://github.com/iterative/vscode-dvc/pull/1480,2022-03-24T03:31:29Z,2022-03-24T18:28:55Z,1,2,MERGED
vscode-dvc,Persist template plot order,https://github.com/iterative/vscode-dvc/pull/1474,2022-03-23T05:30:03Z,2022-03-24T18:51:03Z,2,9,MERGED
vscode-dvc,Remove message.payload && from experiments handle webview message,https://github.com/iterative/vscode-dvc/pull/1467,2022-03-21T22:49:35Z,2022-03-21T23:57:58Z,1,1,MERGED
vscode-dvc,Remove multi view horizontal padding,https://github.com/iterative/vscode-dvc/pull/1466,2022-03-21T15:50:43Z,2022-03-21T18:10:02Z,4,4,MERGED
vscode-dvc,Update version numbers for Friday's release,https://github.com/iterative/vscode-dvc/pull/1410,2022-03-08T23:09:50Z,2022-03-09T21:44:42Z,1,2,MERGED
vscode-dvc,Refactor lint-staged config,https://github.com/iterative/vscode-dvc/pull/1407,2022-03-08T19:17:16Z,2022-03-08T20:59:36Z,4,5,CLOSED
vscode-dvc,Fix comparison header color,https://github.com/iterative/vscode-dvc/pull/1391,2022-03-04T18:24:22Z,2022-03-04T19:05:20Z,1,1,MERGED
vscode-dvc,Comparison table gripper,https://github.com/iterative/vscode-dvc/pull/1390,2022-03-04T17:34:55Z,2022-03-04T19:13:46Z,1,2,MERGED
vscode-dvc,More subtle gripper,https://github.com/iterative/vscode-dvc/pull/1389,2022-03-04T16:09:50Z,2022-03-04T19:30:29Z,2,4,MERGED
vscode-dvc,Make plot more readable,https://github.com/iterative/vscode-dvc/pull/1381,2022-03-03T20:08:25Z,2022-03-04T15:27:25Z,2,3,MERGED
vscode-dvc,Plot axis labels more readable,https://github.com/iterative/vscode-dvc/pull/1380,2022-03-03T18:48:44Z,2022-03-04T15:42:17Z,4,7,MERGED
vscode-dvc,Add changelog for placeholder release,https://github.com/iterative/vscode-dvc/pull/1373,2022-03-03T01:33:46Z,2022-03-03T02:47:18Z,3,2,MERGED
vscode-dvc,Update readme for placeholder release,https://github.com/iterative/vscode-dvc/pull/1372,2022-03-02T22:54:45Z,2022-03-03T02:39:44Z,4,4,MERGED
vscode-dvc,Make comparison table padding same as other sections,https://github.com/iterative/vscode-dvc/pull/1370,2022-03-02T21:41:53Z,2022-03-03T00:55:01Z,1,4,MERGED
vscode-dvc,Fix the padding of the plots,https://github.com/iterative/vscode-dvc/pull/1367,2022-03-02T19:08:12Z,2022-03-02T21:30:42Z,1,1,MERGED
vscode-dvc,Make tooltip styles more VSCode-like,https://github.com/iterative/vscode-dvc/pull/1624,2022-04-27T22:03:18Z,2022-05-04T18:45:38Z,10,21,MERGED
vscode-dvc,Only apply colors to selected experiments,https://github.com/iterative/vscode-dvc/pull/1605,2022-04-22T06:38:20Z,2022-04-26T19:28:50Z,14,11,MERGED
vscode-dvc,Experiments table ux improvements,https://github.com/iterative/vscode-dvc/pull/1602,2022-04-21T20:17:32Z,2022-04-29T13:01:43Z,3,12,MERGED
vscode-dvc,Add a border to the pinned column,https://github.com/iterative/vscode-dvc/pull/1601,2022-04-21T15:08:51Z,2022-04-22T13:28:47Z,3,3,MERGED
vscode-dvc,Suppress tippy test error,https://github.com/iterative/vscode-dvc/pull/1600,2022-04-21T06:53:34Z,2022-04-21T18:42:40Z,2,3,MERGED
vscode-dvc,Move welcome view into DVC view container,https://github.com/iterative/vscode-dvc/pull/1599,2022-04-21T06:02:26Z,2022-04-21T18:53:41Z,1,5,MERGED
vscode-dvc,"Add ""Modify Experiment Params"" to workspace/branches in tree",https://github.com/iterative/vscode-dvc/pull/1593,2022-04-20T18:32:18Z,2022-04-20T19:13:03Z,1,1,MERGED
vscode-dvc,"Unify name of ""Modify Experiment Param(s) and Queue"" command",https://github.com/iterative/vscode-dvc/pull/1590,2022-04-20T00:40:28Z,2022-04-20T18:36:11Z,2,6,MERGED
vscode-dvc,Add experiment table sorts through webview (#1306),https://github.com/iterative/vscode-dvc/pull/1588,2022-04-19T20:12:31Z,2022-04-20T17:48:37Z,3,3,MERGED
vscode-dvc,Only show CLI not accessible error if DVC project is in the workspace,https://github.com/iterative/vscode-dvc/pull/1582,2022-04-19T01:39:09Z,2022-04-19T19:55:28Z,1,4,MERGED
vscode-dvc,Update Turborepo calls and dependency graph,https://github.com/iterative/vscode-dvc/pull/1577,2022-04-14T05:56:39Z,2022-04-14T19:00:35Z,3,3,MERGED
vscode-dvc,Add further details to extension setup telemetry events,https://github.com/iterative/vscode-dvc/pull/1576,2022-04-14T01:45:19Z,2022-04-14T18:55:57Z,6,5,MERGED
vscode-dvc,Update README quick start for non VS code users,https://github.com/iterative/vscode-dvc/pull/1558,2022-04-12T06:08:59Z,2022-04-12T23:49:20Z,2,3,MERGED
vscode-dvc,Fix deeply nested sorts,https://github.com/iterative/vscode-dvc/pull/1555,2022-04-11T22:44:26Z,2022-04-12T18:36:28Z,8,13,MERGED
vscode-dvc,Remove extension/src/test/fixtures/plotsDiff/vega.ts from prettier scripts,https://github.com/iterative/vscode-dvc/pull/1544,2022-04-08T20:00:37Z,2022-04-11T18:03:13Z,3,5,MERGED
vscode-dvc,Use vscode tree.tableColumnsBorder to add contrast in light themes,https://github.com/iterative/vscode-dvc/pull/1803,2022-05-31T03:10:02Z,2022-06-02T01:51:03Z,3,4,MERGED
vscode-dvc,Switch list-selection icon to list-filter,https://github.com/iterative/vscode-dvc/pull/1800,2022-05-30T23:31:54Z,2022-05-30T23:55:04Z,4,1,MERGED
vscode-dvc,Fix not in cache and deleted decorations for directory contents,https://github.com/iterative/vscode-dvc/pull/1783,2022-05-27T07:44:24Z,2022-05-31T00:56:55Z,1,1,MERGED
vscode-dvc,Show empty state in experiments tree when there are no columns,https://github.com/iterative/vscode-dvc/pull/1777,2022-05-26T01:25:46Z,2022-05-26T20:04:55Z,1,4,MERGED
vscode-dvc,Fix height of timestamp cells,https://github.com/iterative/vscode-dvc/pull/1772,2022-05-25T21:23:34Z,2022-05-25T22:13:11Z,2,2,MERGED
vscode-dvc,Fix overflow of zoomed in plots not shown,https://github.com/iterative/vscode-dvc/pull/1763,2022-05-24T17:47:24Z,2022-05-24T18:39:11Z,1,3,MERGED
vscode-dvc,Improve experiments table empty states,https://github.com/iterative/vscode-dvc/pull/1755,2022-05-23T06:59:40Z,2022-05-25T02:44:25Z,7,6,MERGED
vscode-dvc,Add manual refresh button to missing plots,https://github.com/iterative/vscode-dvc/pull/1754,2022-05-23T00:47:41Z,2022-05-23T22:09:55Z,7,7,MERGED
vscode-dvc,Remove extra padding in plots,https://github.com/iterative/vscode-dvc/pull/1749,2022-05-20T15:19:05Z,2022-05-21T04:59:37Z,4,3,MERGED
vscode-dvc,Add experiment icons to editor/title when params file is open,https://github.com/iterative/vscode-dvc/pull/1740,2022-05-19T09:56:03Z,2022-05-20T21:17:41Z,9,6,MERGED
vscode-dvc,Rework experiment table context menus to vary based on whether or not experiments have checkpoints,https://github.com/iterative/vscode-dvc/pull/1739,2022-05-19T06:00:28Z,2022-05-19T22:24:45Z,1,3,MERGED
vscode-dvc,Rework experiment commands and context menus to vary based on whether experiments have checkpoints,https://github.com/iterative/vscode-dvc/pull/1738,2022-05-19T02:41:47Z,2022-05-19T22:19:39Z,12,6,MERGED
vscode-dvc,Bypass filters on missing values (for queued experiments),https://github.com/iterative/vscode-dvc/pull/1732,2022-05-18T05:05:05Z,2022-05-18T22:47:32Z,4,3,MERGED
vscode-dvc,Show experiment names in comparison table headers (#1614),https://github.com/iterative/vscode-dvc/pull/1730,2022-05-17T17:45:42Z,2022-05-20T19:31:36Z,7,5,MERGED
vscode-dvc,Improve plots welcome view when there are no plots,https://github.com/iterative/vscode-dvc/pull/1722,2022-05-16T20:11:45Z,2022-05-17T20:40:23Z,4,5,MERGED
vscode-dvc,Add experiment run reset to  menus,https://github.com/iterative/vscode-dvc/pull/1719,2022-05-16T09:57:46Z,2022-05-18T01:05:28Z,13,5,MERGED
vscode-dvc,Add codicons to welcome view buttons,https://github.com/iterative/vscode-dvc/pull/1717,2022-05-15T21:30:12Z,2022-05-16T19:49:10Z,1,2,MERGED
vscode-dvc,Add placeholder when image is missing from comparison table data,https://github.com/iterative/vscode-dvc/pull/1699,2022-05-12T03:28:45Z,2022-05-12T18:35:38Z,3,4,MERGED
vscode-dvc,Remove meta cell color class,https://github.com/iterative/vscode-dvc/pull/1698,2022-05-12T02:38:03Z,2022-05-12T16:39:49Z,1,1,MERGED
vscode-dvc,Add tree welcome views,https://github.com/iterative/vscode-dvc/pull/1693,2022-05-11T04:21:57Z,2022-05-11T18:29:26Z,1,4,MERGED
vscode-dvc,Tag and create github release in publish action,https://github.com/iterative/vscode-dvc/pull/1691,2022-05-11T00:31:41Z,2022-05-11T18:24:20Z,2,3,MERGED
vscode-dvc,Replace static colors with VSCode CSS variables,https://github.com/iterative/vscode-dvc/pull/1682,2022-05-10T00:10:28Z,2022-05-11T20:51:34Z,5,4,MERGED
vscode-dvc,Add modify params and run command,https://github.com/iterative/vscode-dvc/pull/1660,2022-05-05T04:19:16Z,2022-05-06T00:52:36Z,4,4,MERGED
vscode-dvc,Link experiments tree to webviews in UI,https://github.com/iterative/vscode-dvc/pull/1659,2022-05-05T03:09:05Z,2022-05-06T19:27:10Z,8,4,MERGED
vscode-dvc,Rename Metrics & Params tree to Columns,https://github.com/iterative/vscode-dvc/pull/1656,2022-05-05T00:39:41Z,2022-05-05T23:54:53Z,6,2,MERGED
vscode-dvc,Remove all rounded corners,https://github.com/iterative/vscode-dvc/pull/1653,2022-05-04T20:23:57Z,2022-05-05T19:51:42Z,4,4,MERGED
vscode-dvc,Zoomed in plot background,https://github.com/iterative/vscode-dvc/pull/1652,2022-05-04T16:21:57Z,2022-05-04T20:26:03Z,4,5,MERGED
vscode-dvc,Mark files in deleted diff and not in cache status as not in cache,https://github.com/iterative/vscode-dvc/pull/1650,2022-05-04T11:17:17Z,2022-05-04T19:34:27Z,3,2,MERGED
vscode-dvc,Add why did you render to investigate performance issues,https://github.com/iterative/vscode-dvc/pull/1644,2022-05-03T19:10:32Z,2022-05-04T14:42:49Z,1,3,MERGED
vscode-dvc,Show DVC root in tracked tree if there is only a single project nested inside of the workspace,https://github.com/iterative/vscode-dvc/pull/1952,2022-06-28T00:28:53Z,2022-06-29T23:58:51Z,1,1,MERGED
vscode-dvc,Show DVC roots in tracked tree when there is more than one DVC project in the workspace,https://github.com/iterative/vscode-dvc/pull/1951,2022-06-28T00:08:40Z,2022-06-29T23:56:59Z,1,1,MERGED
vscode-dvc,Improve reset the workspace SCM command,https://github.com/iterative/vscode-dvc/pull/1900,2022-06-15T04:38:11Z,2022-06-15T19:04:44Z,1,3,MERGED
vscode-dvc,Preview banner,https://github.com/iterative/vscode-dvc/pull/1875,2022-06-11T04:51:49Z,2022-06-14T02:10:56Z,6,3,MERGED
vscode-dvc,Handle experiments which contain errors,https://github.com/iterative/vscode-dvc/pull/1874,2022-06-10T09:45:29Z,2022-07-19T01:47:55Z,5,6,CLOSED
vscode-dvc,Add badges to README,https://github.com/iterative/vscode-dvc/pull/1873,2022-06-10T06:20:51Z,2022-06-14T02:01:05Z,6,2,MERGED
vscode-dvc,Add (manual) refresh plots command to tree and palette,https://github.com/iterative/vscode-dvc/pull/1868,2022-06-10T00:08:03Z,2022-06-10T19:27:56Z,1,4,MERGED
vscode-dvc,Setup workspace config: change copy to be more explicit,https://github.com/iterative/vscode-dvc/pull/1865,2022-06-09T02:09:59Z,2022-06-09T23:29:22Z,6,3,MERGED
vscode-dvc,Add init to command palette when there is no DVC project in the workspace,https://github.com/iterative/vscode-dvc/pull/1861,2022-06-08T05:18:33Z,2022-06-08T18:43:25Z,5,2,MERGED
vscode-dvc,Remove preview tag from marketplace listing,https://github.com/iterative/vscode-dvc/pull/1860,2022-06-08T04:18:39Z,2022-06-08T18:34:49Z,2,1,MERGED
vscode-dvc,Use primary button color as accent color,https://github.com/iterative/vscode-dvc/pull/1859,2022-06-08T02:42:44Z,2022-06-08T03:11:10Z,3,2,MERGED
vscode-dvc,Faster virtualization tests,https://github.com/iterative/vscode-dvc/pull/1846,2022-06-06T23:47:32Z,2022-06-07T14:09:06Z,6,5,MERGED
vscode-dvc,Fix the height of the buttons in the ribbon,https://github.com/iterative/vscode-dvc/pull/1843,2022-06-06T14:10:44Z,2022-06-06T18:56:04Z,5,5,MERGED
vscode-dvc,Reduce the spacing between ribbon elements,https://github.com/iterative/vscode-dvc/pull/1842,2022-06-06T14:01:36Z,2022-06-06T18:35:05Z,1,3,MERGED
vscode-dvc,Update description shown above experiments tree,https://github.com/iterative/vscode-dvc/pull/1841,2022-06-06T10:04:57Z,2022-06-06T18:27:50Z,2,3,MERGED
vscode-dvc,Extension: add more tags and categories,https://github.com/iterative/vscode-dvc/pull/1838,2022-06-05T01:56:08Z,2022-06-05T05:26:16Z,1,2,MERGED
vscode-dvc,Add deps to experiment table and columns tree,https://github.com/iterative/vscode-dvc/pull/1830,2022-06-03T07:25:11Z,2022-06-06T17:56:19Z,25,15,MERGED
vscode-dvc,Fix experiment names overflowing from plots ribbon,https://github.com/iterative/vscode-dvc/pull/1821,2022-06-02T17:41:36Z,2022-06-02T17:58:55Z,1,1,MERGED
vscode-dvc,Update extension description for the marketplace,https://github.com/iterative/vscode-dvc/pull/1807,2022-06-01T01:30:43Z,2022-06-01T18:58:44Z,2,3,MERGED
vscode-dvc,Move divider to top of group in experiments table context menu,https://github.com/iterative/vscode-dvc/pull/2083,2022-07-22T02:11:43Z,2022-07-23T02:50:11Z,3,4,MERGED
vscode-dvc,Standardize how the webviews access icons,https://github.com/iterative/vscode-dvc/pull/2079,2022-07-21T22:12:21Z,2022-07-21T22:26:01Z,1,1,MERGED
vscode-dvc,Remove webview message handling from plots,https://github.com/iterative/vscode-dvc/pull/2027,2022-07-14T05:59:36Z,2022-07-14T22:12:40Z,6,2,MERGED
vscode-dvc,Remove webview message handling from experiments,https://github.com/iterative/vscode-dvc/pull/2026,2022-07-14T05:07:15Z,2022-07-14T22:04:10Z,2,4,MERGED
vscode-dvc,Fix plot colors,https://github.com/iterative/vscode-dvc/pull/1988,2022-07-05T22:19:21Z,2022-07-06T00:03:56Z,2,3,MERGED
vscode-dvc,"Rename ""Timestamp"" column label to ""Created""",https://github.com/iterative/vscode-dvc/pull/2269,2022-08-26T13:03:15Z,2022-08-29T14:18:40Z,8,2,MERGED
vscode-dvc,Fix partially hidden header context menus,https://github.com/iterative/vscode-dvc/pull/2204,2022-08-17T15:29:31Z,2022-08-17T22:54:47Z,2,2,MERGED
vscode-dvc,Handle newly introduced deps (before dvc commit),https://github.com/iterative/vscode-dvc/pull/2202,2022-08-17T03:37:01Z,2022-08-17T22:34:53Z,5,4,MERGED
vscode-dvc,Do not retry CLI process when unexpected error is received,https://github.com/iterative/vscode-dvc/pull/2200,2022-08-17T00:21:15Z,2022-08-17T22:14:11Z,1,5,MERGED
vscode-dvc,Update cell hover styles,https://github.com/iterative/vscode-dvc/pull/2198,2022-08-16T19:19:22Z,2022-08-19T17:49:51Z,5,4,MERGED
vscode-dvc,Handle associated git repo having no commits,https://github.com/iterative/vscode-dvc/pull/2194,2022-08-16T04:49:02Z,2022-08-17T00:23:29Z,4,1,CLOSED
vscode-dvc,Left align timestamp column text,https://github.com/iterative/vscode-dvc/pull/2191,2022-08-15T17:18:40Z,2022-08-15T17:32:52Z,1,1,MERGED
vscode-dvc,Add select python interpreter option to setup workspace toast message,https://github.com/iterative/vscode-dvc/pull/2186,2022-08-15T02:01:16Z,2022-08-15T23:00:11Z,2,6,MERGED
vscode-dvc,All plots sections visible,https://github.com/iterative/vscode-dvc/pull/2145,2022-08-04T18:57:06Z,2022-08-05T15:22:47Z,9,8,MERGED
vscode-dvc,Turn off language server again,https://github.com/iterative/vscode-dvc/pull/2505,2022-09-29T21:06:40Z,2022-09-29T21:21:47Z,2,1,MERGED
vscode-dvc,Remove erroneous shape from vertical on hover line when shape dimension is added,https://github.com/iterative/vscode-dvc/pull/2486,2022-09-28T09:08:54Z,2022-09-28T21:12:09Z,4,7,MERGED
vscode-dvc,Add flexible plots legends to plots tree,https://github.com/iterative/vscode-dvc/pull/2452,2022-09-23T06:15:14Z,2022-09-28T02:42:25Z,4,11,MERGED
vscode-dvc,Render flexible plots,https://github.com/iterative/vscode-dvc/pull/2403,2022-09-15T05:10:52Z,2022-09-28T02:29:11Z,29,19,MERGED
vscode-dvc,Multiple commits in the experiments table,https://github.com/iterative/vscode-dvc/pull/2392,2022-09-13T18:13:12Z,2022-09-23T19:41:09Z,4,15,MERGED
vscode-dvc,Fix overflowing comparison table texts,https://github.com/iterative/vscode-dvc/pull/2381,2022-09-12T16:55:52Z,2022-09-12T23:17:36Z,1,2,MERGED
vscode-dvc,Truncate all long titles inside of plots,https://github.com/iterative/vscode-dvc/pull/2365,2022-09-09T14:19:31Z,2022-09-11T23:04:15Z,4,7,MERGED
vscode-dvc,Truncate axis titles,https://github.com/iterative/vscode-dvc/pull/2358,2022-09-08T14:53:27Z,2022-09-09T12:34:17Z,3,1,CLOSED
vscode-dvc,Match tooltip styles to VS Code,https://github.com/iterative/vscode-dvc/pull/2353,2022-09-08T02:39:51Z,2022-09-08T20:38:59Z,5,7,MERGED
vscode-dvc,Truncate long plot titles,https://github.com/iterative/vscode-dvc/pull/2344,2022-09-06T17:59:29Z,2022-09-07T23:14:24Z,8,9,MERGED
vscode-dvc,Fix scheduled CLI output test by moving TEMP_DIR outside of Git repository,https://github.com/iterative/vscode-dvc/pull/2697,2022-10-29T03:05:22Z,2022-10-29T03:19:12Z,1,1,MERGED
vscode-dvc,Fix missing exp selection quick pick details on inital extension render,https://github.com/iterative/vscode-dvc/pull/2694,2022-10-28T15:55:28Z,2022-10-28T20:18:46Z,2,2,MERGED
vscode-dvc,Set CLI as available for project initialization purposes,https://github.com/iterative/vscode-dvc/pull/2661,2022-10-21T22:27:51Z,2022-10-22T03:17:14Z,1,2,MERGED
vscode-dvc,Add authorize step to both PR workflows,https://github.com/iterative/vscode-dvc/pull/2644,2022-10-20T19:32:34Z,2022-11-23T00:01:15Z,13,6,CLOSED
vscode-dvc,Add authorize step to both workflows run by PRs,https://github.com/iterative/vscode-dvc/pull/2640,2022-10-20T05:57:20Z,2022-10-20T19:31:45Z,1,2,CLOSED
vscode-dvc,Update experiment table icons to use --vscode-descriptionForeground and use --vscode-editorLightBulb-foreground for selected stars,https://github.com/iterative/vscode-dvc/pull/2604,2022-10-16T21:27:07Z,2022-10-17T21:57:36Z,4,6,MERGED
vscode-dvc,Improve star icon contrast,https://github.com/iterative/vscode-dvc/pull/2601,2022-10-16T03:04:11Z,2022-10-17T21:56:13Z,3,1,CLOSED
vscode-dvc,Revert moving experiment names to right in table's experiment column (maintain heirarchy),https://github.com/iterative/vscode-dvc/pull/2594,2022-10-15T01:58:32Z,2022-10-15T02:39:58Z,1,2,MERGED
vscode-dvc,Change experiments table circle to radio button,https://github.com/iterative/vscode-dvc/pull/2553,2022-10-10T02:00:59Z,2022-10-15T01:29:11Z,22,18,MERGED
vscode-dvc,Display failed experiments,https://github.com/iterative/vscode-dvc/pull/2535,2022-10-06T02:37:22Z,2022-10-11T01:36:44Z,8,2,MERGED
vscode-dvc,Fix comparison table row path chevron being cut,https://github.com/iterative/vscode-dvc/pull/2533,2022-10-05T14:37:43Z,2022-10-05T15:04:30Z,1,4,MERGED
vscode-dvc,Fix size of flexible confusion matrix,https://github.com/iterative/vscode-dvc/pull/2531,2022-10-05T06:10:02Z,2022-10-05T17:59:25Z,4,2,MERGED
vscode-dvc,Render flexible confusion matrices as expected,https://github.com/iterative/vscode-dvc/pull/2523,2022-10-04T04:53:00Z,2022-10-05T17:42:50Z,3,11,MERGED
vscode-dvc,Fix plots file watchers (diff output key is not always a file),https://github.com/iterative/vscode-dvc/pull/2854,2022-11-29T04:13:40Z,2022-11-29T20:02:08Z,4,1,MERGED
vscode-dvc,Fix the number of available revisions for multi view plots,https://github.com/iterative/vscode-dvc/pull/2836,2022-11-25T15:41:00Z,2022-11-26T23:53:55Z,4,6,MERGED
vscode-dvc,Fix aspect ratio of multi view plots,https://github.com/iterative/vscode-dvc/pull/2833,2022-11-25T14:14:26Z,2022-11-25T19:22:34Z,1,2,MERGED
vscode-dvc,Match open webviews welcome view button titles with command palette actions,https://github.com/iterative/vscode-dvc/pull/2820,2022-11-23T04:41:53Z,2022-11-23T09:12:58Z,1,1,MERGED
vscode-dvc,Match the way that undefined/numeric experiment column values are shown in the table in tooltips and quick picks,https://github.com/iterative/vscode-dvc/pull/2813,2022-11-22T06:08:41Z,2022-11-22T23:25:50Z,11,2,MERGED
vscode-dvc,Fix webview test warnings,https://github.com/iterative/vscode-dvc/pull/2806,2022-11-21T01:26:54Z,2022-11-21T17:02:29Z,2,2,MERGED
vscode-dvc,Fix map on undefined is path doesn't exist in rev,https://github.com/iterative/vscode-dvc/pull/2785,2022-11-17T06:09:51Z,2022-11-17T09:37:44Z,3,2,MERGED
vscode-dvc,Fix exp tree tooltips and quick pick selection ignoring columns with falsy values,https://github.com/iterative/vscode-dvc/pull/2745,2022-11-08T15:37:42Z,2022-11-09T18:24:32Z,3,6,MERGED
vscode-dvc,Left align code block text on the no data setup screen,https://github.com/iterative/vscode-dvc/pull/2977,2022-12-20T03:43:26Z,2022-12-20T13:59:16Z,1,1,MERGED
vscode-dvc,Move Views sidebar section to the top,https://github.com/iterative/vscode-dvc/pull/2954,2022-12-16T14:02:20Z,2022-12-16T14:11:25Z,3,1,MERGED
vscode-dvc,Update plots empty states to reflect dynamic nature of available plots,https://github.com/iterative/vscode-dvc/pull/2932,2022-12-14T03:16:08Z,2022-12-14T18:24:06Z,2,2,MERGED
vscode-dvc,Update demo project,https://github.com/iterative/vscode-dvc/pull/2899,2022-12-08T00:52:09Z,2022-12-08T22:51:34Z,1,3,MERGED
vscode-dvc,Fix typo in plots tooltip,https://github.com/iterative/vscode-dvc/pull/3108,2023-01-16T17:32:04Z,2023-01-16T22:38:03Z,1,2,MERGED
vscode-dvc,Ensure that file exists before trying to read mtime,https://github.com/iterative/vscode-dvc/pull/3299,2023-02-17T01:34:20Z,2023-02-17T03:24:25Z,2,1,MERGED
vscode-dvc,Change the add configuration button text and add more information on functionality,https://github.com/iterative/vscode-dvc/pull/3295,2023-02-16T18:50:09Z,2023-02-20T14:42:01Z,4,21,MERGED
vscode-dvc,Rename views tree to actions,https://github.com/iterative/vscode-dvc/pull/3275,2023-02-13T21:42:45Z,2023-02-13T22:08:02Z,1,1,MERGED
vscode-dvc,Improve vega bindings color (smooth template),https://github.com/iterative/vscode-dvc/pull/3250,2023-02-08T10:51:32Z,2023-02-08T19:33:37Z,1,2,MERGED
vscode-dvc,Enable saving of Studio access token,https://github.com/iterative/vscode-dvc/pull/3235,2023-02-07T01:24:50Z,2023-02-16T21:47:20Z,24,22,MERGED
vscode-dvc,Fix missing button,https://github.com/iterative/vscode-dvc/pull/3212,2023-02-03T15:52:33Z,2023-02-04T02:15:08Z,2,2,MERGED
vscode-dvc,Add a mention to run script after adding dvclive,https://github.com/iterative/vscode-dvc/pull/3206,2023-02-02T19:54:23Z,2023-02-03T13:39:50Z,2,4,MERGED
vscode-dvc,Remove references to experiment checkpoints from walkthrough,https://github.com/iterative/vscode-dvc/pull/3595,2023-03-31T02:57:16Z,2023-04-01T07:14:35Z,1,1,MERGED
vscode-dvc,Remove experiment checkpoints from tree,https://github.com/iterative/vscode-dvc/pull/3587,2023-03-30T03:01:05Z,2023-03-30T22:29:41Z,1,1,MERGED
vscode-dvc,Add a button to show more commits,https://github.com/iterative/vscode-dvc/pull/3535,2023-03-22T15:19:44Z,2023-03-27T20:55:19Z,5,12,MERGED
vscode-dvc,Use plot errors to display correct messages for missing plots,https://github.com/iterative/vscode-dvc/pull/3520,2023-03-21T02:22:36Z,2023-04-02T01:50:20Z,9,1,MERGED
vscode-dvc,Move filter by and sort by views to the bottom and collapse for new users,https://github.com/iterative/vscode-dvc/pull/3431,2023-03-08T21:49:01Z,2023-03-09T03:15:51Z,1,2,MERGED
vscode-dvc,Update vega,https://github.com/iterative/vscode-dvc/pull/3408,2023-03-06T22:56:12Z,2023-03-08T01:19:51Z,4,3,CLOSED
vscode-dvc,Added a story to visualize the icons,https://github.com/iterative/vscode-dvc/pull/3403,2023-03-06T14:44:01Z,2023-03-06T19:55:08Z,1,3,MERGED
vscode-dvc,Fix available revisions for multi view plots,https://github.com/iterative/vscode-dvc/pull/3774,2023-04-27T18:55:05Z,2023-04-29T01:24:19Z,1,3,MERGED
vscode-dvc,Make the table more compact with branches and actions,https://github.com/iterative/vscode-dvc/pull/3765,2023-04-26T18:07:11Z,2023-04-27T12:49:12Z,10,6,MERGED
vscode-dvc,Add multiple branches support inside the experiments table,https://github.com/iterative/vscode-dvc/pull/3735,2023-04-21T14:09:15Z,2023-04-25T15:35:18Z,15,11,MERGED
vscode-dvc,Fix broken experiments table column shadow,https://github.com/iterative/vscode-dvc/pull/3729,2023-04-20T13:56:06Z,2023-04-20T14:56:43Z,1,2,MERGED
vscode-dvc,Fix experiment id for commits (shown in plots),https://github.com/iterative/vscode-dvc/pull/3724,2023-04-20T02:39:36Z,2023-04-20T20:00:36Z,1,1,MERGED
vscode-dvc,Match the way Studio displays experiment name information in the table,https://github.com/iterative/vscode-dvc/pull/3723,2023-04-20T01:40:40Z,2023-04-21T10:11:07Z,8,3,MERGED
vscode-dvc,Fix broken collapsed section info tooltips,https://github.com/iterative/vscode-dvc/pull/3669,2023-04-11T16:26:42Z,2023-04-11T20:22:11Z,1,2,MERGED
vscode-dvc,Bump min DVC version to 2.55.0 (live metrics for experiments running outside the workspace),https://github.com/iterative/vscode-dvc/pull/3665,2023-04-11T05:02:58Z,2023-04-20T23:30:31Z,40,25,MERGED
vscode-dvc,Add 20px to min width of experiments column,https://github.com/iterative/vscode-dvc/pull/3650,2023-04-06T10:06:35Z,2023-04-06T12:45:29Z,2,2,MERGED
vscode-dvc,Add a space after the checkbox action in the table,https://github.com/iterative/vscode-dvc/pull/3635,2023-04-04T22:37:59Z,2023-04-05T00:05:16Z,1,1,MERGED
vscode-dvc,Add cli error indicator into plots webview,https://github.com/iterative/vscode-dvc/pull/3627,2023-04-04T11:03:10Z,2023-04-04T18:56:13Z,4,1,MERGED
vscode-dvc,"Improve ""Get Started"" walkthrough and welcome section",https://github.com/iterative/vscode-dvc/pull/4020,2023-05-31T16:45:01Z,2023-05-31T21:33:43Z,2,2,MERGED
vscode-dvc,"Add ""(pip)"" to setup install button",https://github.com/iterative/vscode-dvc/pull/4013,2023-05-30T23:00:10Z,2023-05-31T13:49:09Z,2,3,MERGED
vscode-dvc,"Consolidate Setup and ""Get Started"" walkthrough",https://github.com/iterative/vscode-dvc/pull/3993,2023-05-27T04:19:01Z,2023-05-31T15:18:16Z,8,11,MERGED
vscode-dvc,Simplify setup section text blocks,https://github.com/iterative/vscode-dvc/pull/3981,2023-05-25T20:53:54Z,2023-05-26T15:51:10Z,2,2,MERGED
vscode-dvc,Use icons to show more or less commits and select branches,https://github.com/iterative/vscode-dvc/pull/3972,2023-05-24T18:49:06Z,2023-05-25T14:32:00Z,8,8,MERGED
vscode-dvc,Show all branches when selecting,https://github.com/iterative/vscode-dvc/pull/3969,2023-05-24T13:39:19Z,2023-05-24T23:32:22Z,1,4,MERGED
vscode-dvc,Fix overflowing message,https://github.com/iterative/vscode-dvc/pull/3968,2023-05-24T13:20:12Z,2023-05-24T13:47:44Z,1,2,MERGED
vscode-dvc,Fix DVC setup showing false info on incompatible global DVC,https://github.com/iterative/vscode-dvc/pull/3961,2023-05-23T17:30:38Z,2023-05-23T23:55:58Z,3,3,MERGED
vscode-dvc,"Add DVCLive reference to Experiments ""Setup Complete""",https://github.com/iterative/vscode-dvc/pull/3948,2023-05-22T16:13:57Z,2023-05-23T14:53:38Z,7,4,MERGED
vscode-dvc,"Add ""Get Started"" section to Setup",https://github.com/iterative/vscode-dvc/pull/3943,2023-05-19T16:42:45Z,2023-05-22T15:03:35Z,3,5,MERGED
vscode-dvc,Remove code slider fixed height,https://github.com/iterative/vscode-dvc/pull/3936,2023-05-18T23:50:42Z,2023-05-19T17:33:57Z,2,2,MERGED
vscode-dvc,"Add colons ("":"") to setup DVC details",https://github.com/iterative/vscode-dvc/pull/3903,2023-05-16T14:13:01Z,2023-05-16T22:07:03Z,1,2,MERGED
vscode-dvc,Add setup warning about latest tested version ,https://github.com/iterative/vscode-dvc/pull/3895,2023-05-15T15:45:26Z,2023-05-18T14:17:00Z,8,16,MERGED
vscode-dvc,Update DVC Setup Version Details,https://github.com/iterative/vscode-dvc/pull/3850,2023-05-09T15:48:12Z,2023-05-10T13:22:41Z,3,6,MERGED
vscode-dvc,Add completion status to setup sections,https://github.com/iterative/vscode-dvc/pull/3823,2023-05-03T23:48:11Z,2023-05-08T19:32:58Z,24,13,MERGED
vscode-dvc,Update plot smooth control background color,https://github.com/iterative/vscode-dvc/pull/4202,2023-06-30T22:08:58Z,2023-07-03T13:27:51Z,3,3,MERGED
vscode-dvc,Adjust plot ribbon tooltips,https://github.com/iterative/vscode-dvc/pull/4135,2023-06-17T01:05:39Z,2023-06-20T17:50:57Z,4,8,MERGED
vscode-dvc,Point users to Python extension in DVC Setup,https://github.com/iterative/vscode-dvc/pull/4124,2023-06-15T17:39:57Z,2023-06-19T23:29:48Z,9,7,MERGED
vscode-dvc,Switch experiment table radio buttons to plot icons,https://github.com/iterative/vscode-dvc/pull/4121,2023-06-15T01:44:13Z,2023-06-15T23:48:27Z,8,5,MERGED
vscode-dvc,Fix broken experiments table column shadow,https://github.com/iterative/vscode-dvc/pull/4099,2023-06-13T20:27:38Z,2023-06-13T21:24:24Z,1,2,MERGED
vscode-dvc,"Update Setup ""dvc is unavailable"" section text content",https://github.com/iterative/vscode-dvc/pull/4098,2023-06-13T19:37:55Z,2023-06-14T16:44:15Z,2,13,MERGED
vscode-dvc,Use shields.io for marketplace badges in README,https://github.com/iterative/vscode-dvc/pull/4063,2023-06-08T03:55:42Z,2023-06-08T04:36:49Z,1,1,MERGED
vscode-dvc,Show CLI errors generated by exp show,https://github.com/iterative/vscode-dvc/pull/4062,2023-06-08T03:50:23Z,2023-06-12T18:56:40Z,1,2,MERGED
vscode-dvc,"Add Python Extension's ""Create Env"" command into DVC Setup",https://github.com/iterative/vscode-dvc/pull/4058,2023-06-07T21:44:52Z,2023-06-12T15:50:45Z,8,6,MERGED
vscode-dvc,Exclude codicons.mjs from eslint,https://github.com/iterative/vscode-dvc/pull/4044,2023-06-06T05:00:14Z,2023-06-06T23:33:53Z,2,2,MERGED
vscode-dvc,"Move ""new to DVC"" text from setup to welcome view",https://github.com/iterative/vscode-dvc/pull/4040,2023-06-05T17:41:08Z,2023-06-06T22:04:28Z,3,3,MERGED
vscode-dvc,Apply experiment table filters to commits,https://github.com/iterative/vscode-dvc/pull/4363,2023-07-27T02:26:55Z,2023-07-27T19:29:36Z,1,4,MERGED
vscode-dvc,Rename experiment status to executor status,https://github.com/iterative/vscode-dvc/pull/4359,2023-07-26T20:09:17Z,2023-07-27T21:53:35Z,1,1,MERGED
vscode-dvc,Fix cloud icon alignment in experiments table,https://github.com/iterative/vscode-dvc/pull/4340,2023-07-24T23:14:13Z,2023-07-25T20:28:48Z,1,2,MERGED
vscode-dvc,Update Studio settings section,https://github.com/iterative/vscode-dvc/pull/4312,2023-07-19T22:54:58Z,2023-07-20T22:21:11Z,1,1,MERGED
vscode-dvc,Standardise column like quick pick,https://github.com/iterative/vscode-dvc/pull/4307,2023-07-19T04:15:50Z,2023-07-20T00:05:43Z,1,1,MERGED
vscode-dvc,Update copy in add stage component,https://github.com/iterative/vscode-dvc/pull/4292,2023-07-17T23:42:24Z,2023-07-18T00:09:16Z,1,1,MERGED
vscode-dvc,Update copy around adding a new stage/defining a pipeline for a project without one,https://github.com/iterative/vscode-dvc/pull/4225,2023-07-06T05:04:52Z,2023-07-06T22:25:20Z,6,2,MERGED
vscode-dvc,Restructure plots path tree for nested dvc.yaml paths,https://github.com/iterative/vscode-dvc/pull/4527,2023-08-18T04:06:16Z,2023-08-22T19:46:21Z,5,4,MERGED
vscode-dvc,Fix possibly cuttoff cli errors in tree views,https://github.com/iterative/vscode-dvc/pull/4522,2023-08-16T22:57:56Z,2023-08-18T13:17:43Z,6,7,MERGED
vscode-dvc,Update setup studio status icon,https://github.com/iterative/vscode-dvc/pull/4515,2023-08-16T13:12:35Z,2023-08-16T23:51:40Z,2,4,MERGED
vscode-dvc,Add Scikit-learn and YOLO to other frameworks supported by DVCLive,https://github.com/iterative/vscode-dvc/pull/4510,2023-08-16T03:29:34Z,2023-08-16T21:47:45Z,1,2,MERGED
vscode-dvc,Exclude untracked dvc.yaml and dvc.lock files from the DVC SCM tree,https://github.com/iterative/vscode-dvc/pull/4446,2023-08-08T06:17:57Z,2023-08-08T20:21:26Z,1,2,MERGED
vscode-dvc,Fix broken table when no branches available (detached HEAD on checkout),https://github.com/iterative/vscode-dvc/pull/4426,2023-08-04T22:58:10Z,2023-08-09T15:41:15Z,5,9,MERGED
vscode-dvc,Reorder experiment table indicator icons,https://github.com/iterative/vscode-dvc/pull/4416,2023-08-04T02:43:08Z,2023-08-04T21:45:24Z,1,2,MERGED
vscode-dvc,Update filter icon in experiment table column header cells,https://github.com/iterative/vscode-dvc/pull/4406,2023-08-03T04:46:53Z,2023-08-03T22:27:21Z,1,2,MERGED
vscode-dvc,Add toggle to show only changed columns in experiments table,https://github.com/iterative/vscode-dvc/pull/4402,2023-08-02T02:44:36Z,2023-08-02T22:37:26Z,11,9,MERGED
vscode-dvc,Ensure custom plots legend matches plot values,https://github.com/iterative/vscode-dvc/pull/4729,2023-09-27T14:49:07Z,2023-09-28T14:35:58Z,4,6,MERGED
vscode-dvc,"Fix broken ""With Multiple Branches""  table storybook",https://github.com/iterative/vscode-dvc/pull/4722,2023-09-26T14:45:58Z,2023-09-26T20:24:26Z,1,2,MERGED
vscode-dvc,Fix type error in integration tests,https://github.com/iterative/vscode-dvc/pull/4684,2023-09-18T23:10:18Z,2023-09-19T12:46:51Z,1,2,MERGED
vscode-dvc,Merge create plot commands,https://github.com/iterative/vscode-dvc/pull/4680,2023-09-18T14:50:22Z,2023-09-20T12:45:51Z,11,10,MERGED
vscode-dvc,"Add ""Add Top-level Plot"" command to plots webview",https://github.com/iterative/vscode-dvc/pull/4664,2023-09-13T23:10:25Z,2023-09-14T14:59:05Z,5,6,MERGED
vscode-dvc,Fix typo in plot wizard error toast,https://github.com/iterative/vscode-dvc/pull/4658,2023-09-11T22:18:09Z,2023-09-11T23:38:29Z,1,2,MERGED
vscode-dvc,Fix custom plots breaking with non-numeric values,https://github.com/iterative/vscode-dvc/pull/4626,2023-09-06T12:58:47Z,2023-09-06T23:21:05Z,5,3,MERGED
vscode-dvc,exp rename: Add exp rename to experiments table,https://github.com/iterative/vscode-dvc/pull/4616,2023-09-03T03:55:34Z,2023-10-08T21:14:26Z,14,7,MERGED
vscode-dvc,Add `Add Plot` command to walkthrough,https://github.com/iterative/vscode-dvc/pull/4845,2023-10-16T21:51:08Z,2023-10-18T02:52:25Z,1,1,MERGED
vscode-dvc,"Rename ""Save"" to ""Save Token"" in studio settings",https://github.com/iterative/vscode-dvc/pull/4837,2023-10-16T14:40:36Z,2023-10-16T21:57:13Z,1,2,MERGED
vscode-dvc,Fix error when user chooses no Y fields in the Plot Wizard,https://github.com/iterative/vscode-dvc/pull/4808,2023-10-11T16:09:00Z,2023-10-11T22:14:11Z,2,2,MERGED
vscode-dvc,Remove banner from README,https://github.com/iterative/vscode-dvc/pull/4795,2023-10-09T22:19:26Z,2023-10-10T20:10:19Z,2,1,MERGED
vscode-dvc,Add subscribe to YouTube message to README,https://github.com/iterative/vscode-dvc/pull/4794,2023-10-09T22:09:55Z,2023-10-10T19:51:31Z,5,1,MERGED
vscode-dvc,"Update ""No Plots"" section  message",https://github.com/iterative/vscode-dvc/pull/4793,2023-10-09T21:57:31Z,2023-10-17T00:21:32Z,6,3,MERGED
vscode-dvc,Collect columns from experiments under baseline with error,https://github.com/iterative/vscode-dvc/pull/5041,2023-11-29T04:49:49Z,2023-11-29T18:44:47Z,1,1,MERGED
vscode-dvc,Revert @vscode/extension-telemetry to 0.8.5,https://github.com/iterative/vscode-dvc/pull/5009,2023-11-19T21:42:24Z,2023-11-20T14:17:31Z,1,2,MERGED
vscode-dvc,Make ribbon block error indicators more obvious,https://github.com/iterative/vscode-dvc/pull/5145,2023-12-22T00:25:21Z,2023-12-22T16:11:44Z,6,2,CLOSED
vscode-dvc,"Rename ""Studio"" to ""DVC Studio"" in text instances",https://github.com/iterative/vscode-dvc/pull/5142,2023-12-21T17:43:43Z,2023-12-22T14:48:06Z,3,3,MERGED
vscode-dvc,rename iterative.ai to dvc.ai in Studio domain,https://github.com/iterative/vscode-dvc/pull/5626,2024-07-16T04:20:41Z,2024-07-16T06:20:52Z,2,2,MERGED
vscode-dvc,Fix editor decorations for folders/files tracked by DVC,https://github.com/iterative/vscode-dvc/pull/5856,2024-12-08T22:13:47Z,2024-12-08T22:52:56Z,1,1,MERGED
